[{"model": "contenttypes.contenttype", "pk": 1, "fields": {"app_label": "admin", "model": "logentry"}}, {"model": "contenttypes.contenttype", "pk": 2, "fields": {"app_label": "auth", "model": "permission"}}, {"model": "contenttypes.contenttype", "pk": 3, "fields": {"app_label": "auth", "model": "group"}}, {"model": "contenttypes.contenttype", "pk": 4, "fields": {"app_label": "auth", "model": "user"}}, {"model": "contenttypes.contenttype", "pk": 5, "fields": {"app_label": "contenttypes", "model": "contenttype"}}, {"model": "contenttypes.contenttype", "pk": 6, "fields": {"app_label": "sessions", "model": "session"}}, {"model": "contenttypes.contenttype", "pk": 7, "fields": {"app_label": "blog", "model": "blog"}}, {"model": "contenttypes.contenttype", "pk": 8, "fields": {"app_label": "blog", "model": "blogtype"}}, {"model": "contenttypes.contenttype", "pk": 9, "fields": {"app_label": "read_statistics", "model": "readnum"}}, {"model": "contenttypes.contenttype", "pk": 10, "fields": {"app_label": "read_statistics", "model": "readnumdetail"}}, {"model": "contenttypes.contenttype", "pk": 11, "fields": {"app_label": "comment", "model": "comment"}}, {"model": "sessions.session", "pk": "5a7fsr2q4t0tzuomjxlmp095008wia4g", "fields": {"session_data": "MjM2M2UwNWZkYjZiNjYwOTQ1MTFiNTZkNGRmNTBjNzRmNGNjZTFmNTp7Il9hdXRoX3VzZXJfaWQiOiIxIiwiX2F1dGhfdXNlcl9iYWNrZW5kIjoiZGphbmdvLmNvbnRyaWIuYXV0aC5iYWNrZW5kcy5Nb2RlbEJhY2tlbmQiLCJfYXV0aF91c2VyX2hhc2giOiIzYmNmNmY4NDI0NDlkMjM4MjRmNzMzYzVhYjU1MzZmOGI0Zjk0NjcyIiwiYmluZF9lbWFpbF9jb2RlIjoiaXlTQiJ9", "expire_date": "2018-09-30T05:43:06.466Z"}}, {"model": "sessions.session", "pk": "bcqjkfigalkjnl8zkql84mnhq1q9ov6q", "fields": {"session_data": "NDZhYjBlZGM0Y2U2OGZmZjI5YjlmMGFlNzAyYjQ5M2NkODcxMWRlZTp7ImJpbmRfZW1haWxfY29kZSI6Ijd1UEkifQ==", "expire_date": "2018-09-30T05:54:22.977Z"}}, {"model": "sessions.session", "pk": "cjct3oaj1vkh8m27g15g2tjx2lviap95", "fields": {"session_data": "NjZlMWQ4MmI5MTc5Yzg1M2E4OGM1MTk1YjViYmU2NGQ5ZmIzYWM5Mzp7Il9hdXRoX3VzZXJfaWQiOiIxIiwiX2F1dGhfdXNlcl9iYWNrZW5kIjoiZGphbmdvLmNvbnRyaWIuYXV0aC5iYWNrZW5kcy5Nb2RlbEJhY2tlbmQiLCJfYXV0aF91c2VyX2hhc2giOiI2MjM5ZmZkMzJmZTViZWQ5ODQxNjM4OWM3Nzg3YWJjOGRmZDk5YTk3In0=", "expire_date": "2018-09-21T14:23:51.231Z"}}, {"model": "sessions.session", "pk": "dfthd12u76871ip9fli9qt4j8dx0wecm", "fields": {"session_data": "MDI5NjhlZTFhYzQ2Y2I5ODE2YjY1NGJlYmViNzFlMjExODI1Y2U3Mjp7Il9hdXRoX3VzZXJfaWQiOiI1IiwiX2F1dGhfdXNlcl9iYWNrZW5kIjoiZGphbmdvLmNvbnRyaWIuYXV0aC5iYWNrZW5kcy5Nb2RlbEJhY2tlbmQiLCJfYXV0aF91c2VyX2hhc2giOiJjYTJmNzU5MDYwNDhkMGFjZTVjNzgwMjM3ZTdiOWQ3OGMxNjYwOTIzIn0=", "expire_date": "2018-09-20T04:50:09.725Z"}}, {"model": "sessions.session", "pk": "ktjabze2z39tpgmay9jp06r78f61y5s4", "fields": {"session_data": "MWEwNWI4ZDFkODgzMjM3N2Q2YjM3NGQ0MDhjMTlkYjZjYWY5NGVmMjp7ImJpbmRfZW1haWxfY29kZSI6Inoxa3IiLCJzZW5kX2VtYWlsX3RpbWUiOjE1MzcxODI1Mzd9", "expire_date": "2018-10-01T11:09:19.052Z"}}, {"model": "sessions.session", "pk": "mdlkijjvfvacl0r3b0g8jcfalxn17tby", "fields": {"session_data": "NjZlMWQ4MmI5MTc5Yzg1M2E4OGM1MTk1YjViYmU2NGQ5ZmIzYWM5Mzp7Il9hdXRoX3VzZXJfaWQiOiIxIiwiX2F1dGhfdXNlcl9iYWNrZW5kIjoiZGphbmdvLmNvbnRyaWIuYXV0aC5iYWNrZW5kcy5Nb2RlbEJhY2tlbmQiLCJfYXV0aF91c2VyX2hhc2giOiI2MjM5ZmZkMzJmZTViZWQ5ODQxNjM4OWM3Nzg3YWJjOGRmZDk5YTk3In0=", "expire_date": "2018-09-13T12:13:05.151Z"}}, {"model": "blog.blogtype", "pk": 1, "fields": {"type_name": "\u6280\u672f\u535a\u5ba2"}}, {"model": "blog.blogtype", "pk": 2, "fields": {"type_name": "\u5624\u5624\u5624"}}, {"model": "read_statistics.readnum", "pk": 1, "fields": {"read_num": 15, "content_type": 7, "object_id": 32}}, {"model": "read_statistics.readnum", "pk": 2, "fields": {"read_num": 19, "content_type": 7, "object_id": 36}}, {"model": "read_statistics.readnum", "pk": 3, "fields": {"read_num": 5, "content_type": 7, "object_id": 35}}, {"model": "read_statistics.readnum", "pk": 4, "fields": {"read_num": 6, "content_type": 7, "object_id": 34}}, {"model": "read_statistics.readnum", "pk": 5, "fields": {"read_num": 6, "content_type": 7, "object_id": 33}}, {"model": "read_statistics.readnum", "pk": 6, "fields": {"read_num": 6, "content_type": 7, "object_id": 31}}, {"model": "read_statistics.readnum", "pk": 7, "fields": {"read_num": 2, "content_type": 7, "object_id": 30}}, {"model": "read_statistics.readnum", "pk": 8, "fields": {"read_num": 1, "content_type": 7, "object_id": 29}}, {"model": "read_statistics.readnum", "pk": 9, "fields": {"read_num": 1, "content_type": 7, "object_id": 28}}, {"model": "read_statistics.readnum", "pk": 10, "fields": {"read_num": 1, "content_type": 7, "object_id": 27}}, {"model": "read_statistics.readnum", "pk": 11, "fields": {"read_num": 1, "content_type": 7, "object_id": 26}}, {"model": "read_statistics.readnum", "pk": 12, "fields": {"read_num": 1, "content_type": 7, "object_id": 25}}, {"model": "read_statistics.readnumdetail", "pk": 1, "fields": {"read_num": 1, "date": "2018-08-30", "content_type": 7, "object_id": 36}}, {"model": "read_statistics.readnumdetail", "pk": 2, "fields": {"read_num": 1, "date": "2018-08-28", "content_type": 7, "object_id": 35}}, {"model": "read_statistics.readnumdetail", "pk": 3, "fields": {"read_num": 1, "date": "2018-08-30", "content_type": 7, "object_id": 31}}, {"model": "read_statistics.readnumdetail", "pk": 4, "fields": {"read_num": 1, "date": "2018-08-30", "content_type": 7, "object_id": 30}}, {"model": "read_statistics.readnumdetail", "pk": 5, "fields": {"read_num": 1, "date": "2018-08-29", "content_type": 7, "object_id": 33}}, {"model": "read_statistics.readnumdetail", "pk": 6, "fields": {"read_num": 1, "date": "2018-08-29", "content_type": 7, "object_id": 32}}, {"model": "read_statistics.readnumdetail", "pk": 7, "fields": {"read_num": 1, "date": "2018-08-31", "content_type": 7, "object_id": 36}}, {"model": "read_statistics.readnumdetail", "pk": 8, "fields": {"read_num": 1, "date": "2018-08-31", "content_type": 7, "object_id": 35}}, {"model": "read_statistics.readnumdetail", "pk": 9, "fields": {"read_num": 1, "date": "2018-08-31", "content_type": 7, "object_id": 34}}, {"model": "read_statistics.readnumdetail", "pk": 10, "fields": {"read_num": 10, "date": "2018-08-30", "content_type": 7, "object_id": 33}}, {"model": "read_statistics.readnumdetail", "pk": 11, "fields": {"read_num": 1, "date": "2018-09-01", "content_type": 7, "object_id": 36}}, {"model": "read_statistics.readnumdetail", "pk": 12, "fields": {"read_num": 1, "date": "2018-09-03", "content_type": 7, "object_id": 36}}, {"model": "read_statistics.readnumdetail", "pk": 13, "fields": {"read_num": 1, "date": "2018-09-04", "content_type": 7, "object_id": 36}}, {"model": "read_statistics.readnumdetail", "pk": 14, "fields": {"read_num": 1, "date": "2018-09-05", "content_type": 7, "object_id": 36}}, {"model": "read_statistics.readnumdetail", "pk": 15, "fields": {"read_num": 2, "date": "2018-09-06", "content_type": 7, "object_id": 36}}, {"model": "read_statistics.readnumdetail", "pk": 16, "fields": {"read_num": 2, "date": "2018-09-07", "content_type": 7, "object_id": 36}}, {"model": "read_statistics.readnumdetail", "pk": 17, "fields": {"read_num": 1, "date": "2018-09-08", "content_type": 7, "object_id": 36}}, {"model": "read_statistics.readnumdetail", "pk": 18, "fields": {"read_num": 2, "date": "2018-09-09", "content_type": 7, "object_id": 36}}, {"model": "read_statistics.readnumdetail", "pk": 19, "fields": {"read_num": 1, "date": "2018-09-10", "content_type": 7, "object_id": 36}}, {"model": "read_statistics.readnumdetail", "pk": 20, "fields": {"read_num": 1, "date": "2018-09-10", "content_type": 7, "object_id": 35}}, {"model": "read_statistics.readnumdetail", "pk": 21, "fields": {"read_num": 1, "date": "2018-09-10", "content_type": 7, "object_id": 33}}, {"model": "read_statistics.readnumdetail", "pk": 22, "fields": {"read_num": 1, "date": "2018-09-10", "content_type": 7, "object_id": 32}}, {"model": "read_statistics.readnumdetail", "pk": 23, "fields": {"read_num": 2, "date": "2018-09-11", "content_type": 7, "object_id": 36}}, {"model": "read_statistics.readnumdetail", "pk": 24, "fields": {"read_num": 1, "date": "2018-09-11", "content_type": 7, "object_id": 35}}, {"model": "read_statistics.readnumdetail", "pk": 25, "fields": {"read_num": 1, "date": "2018-09-11", "content_type": 7, "object_id": 29}}, {"model": "read_statistics.readnumdetail", "pk": 26, "fields": {"read_num": 1, "date": "2018-09-11", "content_type": 7, "object_id": 34}}, {"model": "read_statistics.readnumdetail", "pk": 27, "fields": {"read_num": 1, "date": "2018-09-11", "content_type": 7, "object_id": 33}}, {"model": "read_statistics.readnumdetail", "pk": 28, "fields": {"read_num": 1, "date": "2018-09-11", "content_type": 7, "object_id": 32}}, {"model": "read_statistics.readnumdetail", "pk": 29, "fields": {"read_num": 1, "date": "2018-09-11", "content_type": 7, "object_id": 31}}, {"model": "read_statistics.readnumdetail", "pk": 30, "fields": {"read_num": 1, "date": "2018-09-11", "content_type": 7, "object_id": 30}}, {"model": "read_statistics.readnumdetail", "pk": 31, "fields": {"read_num": 1, "date": "2018-09-11", "content_type": 7, "object_id": 28}}, {"model": "read_statistics.readnumdetail", "pk": 32, "fields": {"read_num": 1, "date": "2018-09-11", "content_type": 7, "object_id": 27}}, {"model": "read_statistics.readnumdetail", "pk": 33, "fields": {"read_num": 1, "date": "2018-09-11", "content_type": 7, "object_id": 26}}, {"model": "read_statistics.readnumdetail", "pk": 34, "fields": {"read_num": 1, "date": "2018-09-11", "content_type": 7, "object_id": 25}}, {"model": "read_statistics.readnumdetail", "pk": 35, "fields": {"read_num": 1, "date": "2018-09-12", "content_type": 7, "object_id": 36}}, {"model": "read_statistics.readnumdetail", "pk": 36, "fields": {"read_num": 1, "date": "2018-09-17", "content_type": 7, "object_id": 36}}, {"model": "auth.permission", "pk": 1, "fields": {"name": "Can add log entry", "content_type": 1, "codename": "add_logentry"}}, {"model": "auth.permission", "pk": 2, "fields": {"name": "Can change log entry", "content_type": 1, "codename": "change_logentry"}}, {"model": "auth.permission", "pk": 3, "fields": {"name": "Can delete log entry", "content_type": 1, "codename": "delete_logentry"}}, {"model": "auth.permission", "pk": 4, "fields": {"name": "Can add permission", "content_type": 2, "codename": "add_permission"}}, {"model": "auth.permission", "pk": 5, "fields": {"name": "Can change permission", "content_type": 2, "codename": "change_permission"}}, {"model": "auth.permission", "pk": 6, "fields": {"name": "Can delete permission", "content_type": 2, "codename": "delete_permission"}}, {"model": "auth.permission", "pk": 7, "fields": {"name": "Can add group", "content_type": 3, "codename": "add_group"}}, {"model": "auth.permission", "pk": 8, "fields": {"name": "Can change group", "content_type": 3, "codename": "change_group"}}, {"model": "auth.permission", "pk": 9, "fields": {"name": "Can delete group", "content_type": 3, "codename": "delete_group"}}, {"model": "auth.permission", "pk": 10, "fields": {"name": "Can add user", "content_type": 4, "codename": "add_user"}}, {"model": "auth.permission", "pk": 11, "fields": {"name": "Can change user", "content_type": 4, "codename": "change_user"}}, {"model": "auth.permission", "pk": 12, "fields": {"name": "Can delete user", "content_type": 4, "codename": "delete_user"}}, {"model": "auth.permission", "pk": 13, "fields": {"name": "Can add content type", "content_type": 5, "codename": "add_contenttype"}}, {"model": "auth.permission", "pk": 14, "fields": {"name": "Can change content type", "content_type": 5, "codename": "change_contenttype"}}, {"model": "auth.permission", "pk": 15, "fields": {"name": "Can delete content type", "content_type": 5, "codename": "delete_contenttype"}}, {"model": "auth.permission", "pk": 16, "fields": {"name": "Can add session", "content_type": 6, "codename": "add_session"}}, {"model": "auth.permission", "pk": 17, "fields": {"name": "Can change session", "content_type": 6, "codename": "change_session"}}, {"model": "auth.permission", "pk": 18, "fields": {"name": "Can delete session", "content_type": 6, "codename": "delete_session"}}, {"model": "auth.permission", "pk": 19, "fields": {"name": "Can add blog", "content_type": 7, "codename": "add_blog"}}, {"model": "auth.permission", "pk": 20, "fields": {"name": "Can change blog", "content_type": 7, "codename": "change_blog"}}, {"model": "auth.permission", "pk": 21, "fields": {"name": "Can delete blog", "content_type": 7, "codename": "delete_blog"}}, {"model": "auth.permission", "pk": 22, "fields": {"name": "Can add blog type", "content_type": 8, "codename": "add_blogtype"}}, {"model": "auth.permission", "pk": 23, "fields": {"name": "Can change blog type", "content_type": 8, "codename": "change_blogtype"}}, {"model": "auth.permission", "pk": 24, "fields": {"name": "Can delete blog type", "content_type": 8, "codename": "delete_blogtype"}}, {"model": "auth.permission", "pk": 25, "fields": {"name": "Can add read num", "content_type": 9, "codename": "add_readnum"}}, {"model": "auth.permission", "pk": 26, "fields": {"name": "Can change read num", "content_type": 9, "codename": "change_readnum"}}, {"model": "auth.permission", "pk": 27, "fields": {"name": "Can delete read num", "content_type": 9, "codename": "delete_readnum"}}, {"model": "auth.permission", "pk": 28, "fields": {"name": "Can add read num detail", "content_type": 10, "codename": "add_readnumdetail"}}, {"model": "auth.permission", "pk": 29, "fields": {"name": "Can change read num detail", "content_type": 10, "codename": "change_readnumdetail"}}, {"model": "auth.permission", "pk": 30, "fields": {"name": "Can delete read num detail", "content_type": 10, "codename": "delete_readnumdetail"}}, {"model": "auth.permission", "pk": 31, "fields": {"name": "Can add comment", "content_type": 11, "codename": "add_comment"}}, {"model": "auth.permission", "pk": 32, "fields": {"name": "Can change comment", "content_type": 11, "codename": "change_comment"}}, {"model": "auth.permission", "pk": 33, "fields": {"name": "Can delete comment", "content_type": 11, "codename": "delete_comment"}}, {"model": "auth.user", "pk": 1, "fields": {"password": "pbkdf2_sha256$100000$i1VEttVCpe8M$7u/xxT6iFHubXk4X9g2ZMzZkNApUbawkffRk5zcn8Dg=", "last_login": "2018-09-17T10:58:15.782Z", "is_superuser": true, "username": "wang", "first_name": "", "last_name": "", "email": "", "is_staff": true, "is_active": true, "date_joined": "2018-08-20T10:21:00Z", "groups": [], "user_permissions": []}}, {"model": "auth.user", "pk": 6, "fields": {"password": "pbkdf2_sha256$100000$wKpgULN8n9nK$3LGN7i0zUTkkgPGHT3LkQ2MgpcxuL1lHvALFqNNoTBo=", "last_login": "2018-09-10T13:41:33.961Z", "is_superuser": false, "username": "wry", "first_name": "", "last_name": "", "email": "4864545@gmail.com", "is_staff": false, "is_active": true, "date_joined": "2018-09-10T08:44:01.988Z", "groups": [], "user_permissions": []}}, {"model": "auth.user", "pk": 7, "fields": {"password": "pbkdf2_sha256$100000$yWf7C1ihECpG$cWrFkCcYCPy6umi2TRAOPrxhu1vcz3aQnxfYOZoIT+c=", "last_login": "2018-09-13T13:41:15.898Z", "is_superuser": true, "username": "ruo", "first_name": "", "last_name": "", "email": "", "is_staff": true, "is_active": true, "date_joined": "2018-09-13T13:40:50.420Z", "groups": [], "user_permissions": []}}, {"model": "auth.user", "pk": 8, "fields": {"password": "pbkdf2_sha256$100000$56rgXcefrg6c$xhNwzv1plclzxF6lIEmfMoWBMtKyJjssqxa4tpE1AlM=", "last_login": "2018-09-13T14:48:04.275Z", "is_superuser": false, "username": "gugu", "first_name": "", "last_name": "", "email": "", "is_staff": false, "is_active": true, "date_joined": "2018-09-13T14:48:03.702Z", "groups": [], "user_permissions": []}}, {"model": "auth.user", "pk": 9, "fields": {"password": "pbkdf2_sha256$100000$xtmDy8Ma5ksS$YF/TAH1bi3LZfIdJEJ0DId2nSsRXzesgJQteoPveGPo=", "last_login": "2018-09-17T11:06:12.086Z", "is_superuser": false, "username": "admin", "first_name": "", "last_name": "", "email": "1350821504@qq.com", "is_staff": false, "is_active": true, "date_joined": "2018-09-17T05:13:23.994Z", "groups": [], "user_permissions": []}}, {"model": "blog.blog", "pk": 3, "fields": {"title": "fefwe", "author": 1, "content": "fefwefwefefefewfewfwefwefewfsfcwefcwe", "blog_type": 1, "create_time": "2018-08-21T07:03:22.522Z", "last_update_time": "2018-08-21T07:03:22.522Z"}}, {"model": "blog.blog", "pk": 4, "fields": {"title": "\u5624\u5624\u5624", "author": 1, "content": "\u516b\u91cd\u6a31\uff01\uff01\uff01", "blog_type": 1, "create_time": "2018-08-22T13:00:37.499Z", "last_update_time": "2018-08-22T13:00:37.499Z"}}, {"model": "blog.blog", "pk": 5, "fields": {"title": "for 1", "author": 1, "content": "xxxx: 1", "blog_type": 1, "create_time": "2018-08-23T02:30:03.614Z", "last_update_time": "2018-08-23T02:30:03.614Z"}}, {"model": "blog.blog", "pk": 6, "fields": {"title": "for 2", "author": 1, "content": "xxxx: 2", "blog_type": 1, "create_time": "2018-08-23T02:30:03.811Z", "last_update_time": "2018-08-23T02:30:03.811Z"}}, {"model": "blog.blog", "pk": 7, "fields": {"title": "for 3", "author": 1, "content": "xxxx: 3", "blog_type": 1, "create_time": "2018-08-23T02:30:03.887Z", "last_update_time": "2018-08-23T02:30:03.887Z"}}, {"model": "blog.blog", "pk": 8, "fields": {"title": "for 4", "author": 1, "content": "xxxx: 4", "blog_type": 1, "create_time": "2018-08-23T02:30:04.029Z", "last_update_time": "2018-08-23T02:30:04.029Z"}}, {"model": "blog.blog", "pk": 9, "fields": {"title": "for 5", "author": 1, "content": "xxxx: 5", "blog_type": 1, "create_time": "2018-08-23T02:30:04.231Z", "last_update_time": "2018-08-23T02:30:04.231Z"}}, {"model": "blog.blog", "pk": 10, "fields": {"title": "for 6", "author": 1, "content": "xxxx: 6", "blog_type": 1, "create_time": "2018-08-23T02:30:04.321Z", "last_update_time": "2018-08-23T02:30:04.321Z"}}, {"model": "blog.blog", "pk": 11, "fields": {"title": "for 7", "author": 1, "content": "xxxx: 7", "blog_type": 1, "create_time": "2018-08-23T02:30:04.408Z", "last_update_time": "2018-08-23T02:30:04.408Z"}}, {"model": "blog.blog", "pk": 12, "fields": {"title": "for 8", "author": 1, "content": "xxxx: 8", "blog_type": 1, "create_time": "2018-08-23T02:30:04.509Z", "last_update_time": "2018-08-23T02:30:04.509Z"}}, {"model": "blog.blog", "pk": 13, "fields": {"title": "for 9", "author": 1, "content": "xxxx: 9", "blog_type": 1, "create_time": "2018-08-23T02:30:04.596Z", "last_update_time": "2018-08-23T02:30:04.596Z"}}, {"model": "blog.blog", "pk": 14, "fields": {"title": "for 10", "author": 1, "content": "xxxx: 10", "blog_type": 1, "create_time": "2018-08-23T02:30:04.696Z", "last_update_time": "2018-08-23T02:30:04.696Z"}}, {"model": "blog.blog", "pk": 15, "fields": {"title": "for 11", "author": 1, "content": "xxxx: 11", "blog_type": 1, "create_time": "2018-08-23T02:30:04.806Z", "last_update_time": "2018-08-23T02:30:04.806Z"}}, {"model": "blog.blog", "pk": 16, "fields": {"title": "for 12", "author": 1, "content": "xxxx: 12", "blog_type": 1, "create_time": "2018-08-23T02:30:04.908Z", "last_update_time": "2018-08-23T02:30:04.908Z"}}, {"model": "blog.blog", "pk": 17, "fields": {"title": "for 13", "author": 1, "content": "xxxx: 13", "blog_type": 1, "create_time": "2018-08-23T02:30:05.006Z", "last_update_time": "2018-08-23T02:30:05.006Z"}}, {"model": "blog.blog", "pk": 18, "fields": {"title": "for 14", "author": 1, "content": "xxxx: 14", "blog_type": 1, "create_time": "2018-08-23T02:30:05.107Z", "last_update_time": "2018-08-23T02:30:05.107Z"}}, {"model": "blog.blog", "pk": 19, "fields": {"title": "for 15", "author": 1, "content": "xxxx: 15", "blog_type": 1, "create_time": "2018-08-23T02:30:05.205Z", "last_update_time": "2018-08-23T02:30:05.206Z"}}, {"model": "blog.blog", "pk": 20, "fields": {"title": "for 16", "author": 1, "content": "xxxx: 16", "blog_type": 1, "create_time": "2018-08-23T02:30:05.304Z", "last_update_time": "2018-08-23T02:30:05.304Z"}}, {"model": "blog.blog", "pk": 21, "fields": {"title": "for 17", "author": 1, "content": "xxxx: 17", "blog_type": 1, "create_time": "2018-08-23T02:30:05.405Z", "last_update_time": "2018-08-23T02:30:05.405Z"}}, {"model": "blog.blog", "pk": 22, "fields": {"title": "for 18", "author": 1, "content": "xxxx: 18", "blog_type": 1, "create_time": "2018-08-23T02:30:05.492Z", "last_update_time": "2018-08-23T02:30:05.492Z"}}, {"model": "blog.blog", "pk": 23, "fields": {"title": "for 19", "author": 1, "content": "xxxx: 19", "blog_type": 1, "create_time": "2018-08-23T02:30:05.583Z", "last_update_time": "2018-08-23T02:30:05.583Z"}}, {"model": "blog.blog", "pk": 24, "fields": {"title": "for 20", "author": 1, "content": "xxxx: 20", "blog_type": 1, "create_time": "2018-08-23T02:30:05.691Z", "last_update_time": "2018-08-23T02:30:05.691Z"}}, {"model": "blog.blog", "pk": 25, "fields": {"title": "for 21", "author": 1, "content": "xxxx: 21", "blog_type": 1, "create_time": "2018-08-23T02:30:05.781Z", "last_update_time": "2018-08-23T02:30:05.781Z"}}, {"model": "blog.blog", "pk": 26, "fields": {"title": "for 22", "author": 1, "content": "xxxx: 22", "blog_type": 1, "create_time": "2018-08-23T02:30:05.869Z", "last_update_time": "2018-08-23T02:30:05.869Z"}}, {"model": "blog.blog", "pk": 27, "fields": {"title": "for 23", "author": 1, "content": "xxxx: 23", "blog_type": 1, "create_time": "2018-08-23T02:30:06.068Z", "last_update_time": "2018-08-23T02:30:06.068Z"}}, {"model": "blog.blog", "pk": 28, "fields": {"title": "for 24", "author": 1, "content": "xxxx: 24", "blog_type": 1, "create_time": "2018-08-23T02:30:06.157Z", "last_update_time": "2018-08-23T02:30:06.157Z"}}, {"model": "blog.blog", "pk": 29, "fields": {"title": "for 25", "author": 1, "content": "xxxx: 25", "blog_type": 1, "create_time": "2018-08-23T02:30:06.256Z", "last_update_time": "2018-08-29T10:33:44.505Z"}}, {"model": "blog.blog", "pk": 30, "fields": {"title": "for 26", "author": 1, "content": "xxxx: 26", "blog_type": 1, "create_time": "2018-08-23T02:30:06.357Z", "last_update_time": "2018-08-29T10:32:45.676Z"}}, {"model": "blog.blog", "pk": 31, "fields": {"title": "for 27", "author": 1, "content": "xxxx: 27", "blog_type": 1, "create_time": "2018-08-23T02:30:06.457Z", "last_update_time": "2018-08-29T10:31:30.832Z"}}, {"model": "blog.blog", "pk": 32, "fields": {"title": "for 28", "author": 1, "content": "xxxx: 28", "blog_type": 1, "create_time": "2018-08-23T02:30:06.567Z", "last_update_time": "2018-08-29T10:29:05.301Z"}}, {"model": "blog.blog", "pk": 33, "fields": {"title": "for 29", "author": 1, "content": "xxxx: 29", "blog_type": 1, "create_time": "2018-08-23T02:30:06.706Z", "last_update_time": "2018-08-29T10:28:52.068Z"}}, {"model": "blog.blog", "pk": 34, "fields": {"title": "for 30", "author": 1, "content": "xxxx: 30", "blog_type": 1, "create_time": "2018-08-23T02:30:06.844Z", "last_update_time": "2018-08-29T10:28:37.921Z"}}, {"model": "blog.blog", "pk": 35, "fields": {"title": "\u516b\u91cd\u6a31", "author": 1, "content": "\u5929\u4e0b\u7b2c\u4e00\uff01\uff01\uff01", "blog_type": 2, "create_time": "2018-08-23T12:20:05.644Z", "last_update_time": "2018-08-29T10:27:55.069Z"}}, {"model": "blog.blog", "pk": 36, "fields": {"title": "\u58c1\u7eb8", "author": 1, "content": "<p><img alt=\"\" src=\"/media/upload/2018/08/28/26.jpg\" style=\"height:800px; width:1000px\" /></p>", "blog_type": 2, "create_time": "2018-08-28T14:26:48.990Z", "last_update_time": "2018-08-29T10:18:19.185Z"}}, {"model": "comment.comment", "pk": 74, "fields": {"content_type": 7, "object_id": 36, "user": 1, "create_time": "2018-09-09T04:30:29.786Z", "text": "<p>\u76f8\u4fe1\u81ea\u5df1\uff01\uff01</p>", "root": null, "parent": null, "reply": null}}, {"model": "comment.comment", "pk": 75, "fields": {"content_type": 7, "object_id": 36, "user": 1, "create_time": "2018-09-09T04:30:35.006Z", "text": "<p>\u76f8\u4fe1\u81ea\u5df1\uff01\uff01</p>", "root": null, "parent": null, "reply": null}}, {"model": "comment.comment", "pk": 76, "fields": {"content_type": 7, "object_id": 36, "user": 1, "create_time": "2018-09-09T04:33:44.437Z", "text": "<p>\u5e26\u6211\u53bb</p>", "root": null, "parent": null, "reply": null}}, {"model": "comment.comment", "pk": 77, "fields": {"content_type": 7, "object_id": 36, "user": 1, "create_time": "2018-09-09T04:34:42.817Z", "text": "<p>\u5f53\u5f53\u5f53\u5f53</p>", "root": null, "parent": null, "reply": null}}, {"model": "comment.comment", "pk": 78, "fields": {"content_type": 7, "object_id": 36, "user": 6, "create_time": "2018-09-10T09:06:33.817Z", "text": "<p>\u4e0d\u53bb</p>", "root": 76, "parent": 76, "reply": 1}}, {"model": "comment.comment", "pk": 79, "fields": {"content_type": 7, "object_id": 36, "user": 6, "create_time": "2018-09-10T09:07:04.799Z", "text": "<p>\u884c\u5427</p>", "root": 75, "parent": 75, "reply": 1}}, {"model": "comment.comment", "pk": 80, "fields": {"content_type": 7, "object_id": 36, "user": 6, "create_time": "2018-09-10T09:07:18.730Z", "text": "<p>23333</p>", "root": 74, "parent": 74, "reply": 1}}, {"model": "comment.comment", "pk": 81, "fields": {"content_type": 7, "object_id": 36, "user": 1, "create_time": "2018-09-10T11:05:02.523Z", "text": "<p>23333</p>", "root": 74, "parent": 74, "reply": 1}}, {"model": "comment.comment", "pk": 82, "fields": {"content_type": 7, "object_id": 36, "user": 1, "create_time": "2018-09-10T11:05:43.757Z", "text": "<p>\u4e0d\u884c</p>", "root": 75, "parent": 79, "reply": 6}}, {"model": "comment.comment", "pk": 83, "fields": {"content_type": 7, "object_id": 36, "user": 1, "create_time": "2018-09-10T11:06:36.936Z", "text": "<p>\u4e0d\u884c</p>", "root": 75, "parent": 79, "reply": 6}}, {"model": "comment.comment", "pk": 84, "fields": {"content_type": 7, "object_id": 36, "user": 1, "create_time": "2018-09-10T11:07:32.542Z", "text": "<p>\u8981\u53bb</p>", "root": 76, "parent": 78, "reply": 6}}, {"model": "comment.comment", "pk": 85, "fields": {"content_type": 7, "object_id": 36, "user": 1, "create_time": "2018-09-10T11:48:04.752Z", "text": "<p>\u53bb\u53bb\u53bb</p>", "root": 76, "parent": 78, "reply": 6}}, {"model": "comment.comment", "pk": 88, "fields": {"content_type": 7, "object_id": 36, "user": 1, "create_time": "2018-09-10T11:52:17.181Z", "text": "<p>\u5566\u5566\u5566\u5566\u5566</p>", "root": null, "parent": null, "reply": null}}, {"model": "comment.comment", "pk": 89, "fields": {"content_type": 7, "object_id": 36, "user": 1, "create_time": "2018-09-10T11:56:31.327Z", "text": "<p>\u4e3a\u4ec0\u4e48</p>", "root": 88, "parent": 88, "reply": 1}}, {"model": "comment.comment", "pk": 90, "fields": {"content_type": 7, "object_id": 36, "user": 1, "create_time": "2018-09-10T12:00:19.774Z", "text": "<p>2333</p>", "root": 88, "parent": 89, "reply": 1}}, {"model": "comment.comment", "pk": 91, "fields": {"content_type": 7, "object_id": 36, "user": 1, "create_time": "2018-09-10T13:35:00.200Z", "text": "<p>1111</p>", "root": 88, "parent": 89, "reply": 1}}, {"model": "comment.comment", "pk": 92, "fields": {"content_type": 7, "object_id": 36, "user": 1, "create_time": "2018-09-10T13:41:18.805Z", "text": "<p>3333</p>", "root": 88, "parent": 89, "reply": 1}}, {"model": "comment.comment", "pk": 93, "fields": {"content_type": 7, "object_id": 36, "user": 6, "create_time": "2018-09-10T13:41:50.681Z", "text": "<p>\u4e0d\u77e5\u9053</p>", "root": 88, "parent": 89, "reply": 1}}, {"model": "comment.comment", "pk": 94, "fields": {"content_type": 7, "object_id": 36, "user": 6, "create_time": "2018-09-10T13:55:45.230Z", "text": "<p>566</p>", "root": 88, "parent": 88, "reply": 1}}, {"model": "comment.comment", "pk": 95, "fields": {"content_type": 7, "object_id": 36, "user": 6, "create_time": "2018-09-10T13:56:03.183Z", "text": "<p>\u5bf9\u5bf9\u5bf9</p>", "root": 88, "parent": 88, "reply": 1}}, {"model": "comment.comment", "pk": 96, "fields": {"content_type": 7, "object_id": 35, "user": 6, "create_time": "2018-09-10T14:02:48.394Z", "text": "<p>233</p>", "root": null, "parent": null, "reply": null}}, {"model": "comment.comment", "pk": 97, "fields": {"content_type": 7, "object_id": 33, "user": 6, "create_time": "2018-09-10T14:03:29.896Z", "text": "<p>233</p>", "root": null, "parent": null, "reply": null}}, {"model": "comment.comment", "pk": 98, "fields": {"content_type": 7, "object_id": 32, "user": 6, "create_time": "2018-09-10T14:03:52.081Z", "text": "<p>6666</p>", "root": null, "parent": null, "reply": null}}, {"model": "comment.comment", "pk": 99, "fields": {"content_type": 7, "object_id": 35, "user": 1, "create_time": "2018-09-11T13:02:24.948Z", "text": "<p>\u6210\u4e86</p>", "root": null, "parent": null, "reply": null}}, {"model": "comment.comment", "pk": 100, "fields": {"content_type": 7, "object_id": 35, "user": 1, "create_time": "2018-09-11T13:02:30.024Z", "text": "<p>1111</p>", "root": 99, "parent": 99, "reply": 1}}, {"model": "comment.comment", "pk": 101, "fields": {"content_type": 7, "object_id": 35, "user": 1, "create_time": "2018-09-11T13:05:18.457Z", "text": "<p>\u600e\u4e48\u56de\u4e8b\uff1f \u5c0f\u8001\u5f1f</p>", "root": 99, "parent": 99, "reply": 1}}, {"model": "comment.comment", "pk": 102, "fields": {"content_type": 7, "object_id": 35, "user": 1, "create_time": "2018-09-11T13:05:54.678Z", "text": "<p>\uff1f\uff1f</p>", "root": 96, "parent": 96, "reply": 6}}, {"model": "comment.comment", "pk": 103, "fields": {"content_type": 7, "object_id": 35, "user": 1, "create_time": "2018-09-11T13:06:01.780Z", "text": "<p>\u51fa\u5927\u4e8b\u4e86</p>", "root": 96, "parent": 96, "reply": 6}}, {"model": "comment.comment", "pk": 104, "fields": {"content_type": 7, "object_id": 35, "user": 1, "create_time": "2018-09-11T13:06:12.065Z", "text": "<p>GG</p>\r\n\r\n<p>&nbsp;</p>", "root": 96, "parent": 96, "reply": 6}}, {"model": "comment.comment", "pk": 105, "fields": {"content_type": 7, "object_id": 35, "user": 1, "create_time": "2018-09-11T13:07:01.483Z", "text": "<p>2333</p>", "root": 99, "parent": 99, "reply": 1}}, {"model": "comment.comment", "pk": 106, "fields": {"content_type": 7, "object_id": 35, "user": 1, "create_time": "2018-09-11T13:08:09.748Z", "text": "<p>3344</p>", "root": 99, "parent": 99, "reply": 1}}, {"model": "comment.comment", "pk": 107, "fields": {"content_type": 7, "object_id": 35, "user": 1, "create_time": "2018-09-11T13:08:38.161Z", "text": "<p>33</p>", "root": 99, "parent": 99, "reply": 1}}, {"model": "comment.comment", "pk": 108, "fields": {"content_type": 7, "object_id": 35, "user": 1, "create_time": "2018-09-11T13:08:49.815Z", "text": "<p>\u4e0d\u4f1a\u5230</p>", "root": 99, "parent": 101, "reply": 1}}, {"model": "comment.comment", "pk": 109, "fields": {"content_type": 7, "object_id": 34, "user": 1, "create_time": "2018-09-11T13:25:40.931Z", "text": "<p>111</p>", "root": null, "parent": null, "reply": null}}, {"model": "comment.comment", "pk": 110, "fields": {"content_type": 7, "object_id": 34, "user": 1, "create_time": "2018-09-11T13:39:15.359Z", "text": "<p>3333</p>", "root": null, "parent": null, "reply": null}}, {"model": "comment.comment", "pk": 111, "fields": {"content_type": 7, "object_id": 34, "user": 1, "create_time": "2018-09-11T13:39:58.639Z", "text": "<p>3333</p>", "root": null, "parent": null, "reply": null}}, {"model": "comment.comment", "pk": 112, "fields": {"content_type": 7, "object_id": 34, "user": 1, "create_time": "2018-09-11T13:40:17.942Z", "text": "<p>\uff1f\uff1f\uff1f\uff1f</p>", "root": null, "parent": null, "reply": null}}, {"model": "comment.comment", "pk": 113, "fields": {"content_type": 7, "object_id": 34, "user": 1, "create_time": "2018-09-11T14:00:55.472Z", "text": "<p>333</p>", "root": 112, "parent": 112, "reply": 1}}, {"model": "comment.comment", "pk": 114, "fields": {"content_type": 7, "object_id": 34, "user": 1, "create_time": "2018-09-11T14:03:29.709Z", "text": "<p>\u548b\u56de\u4e8b</p>", "root": 112, "parent": 113, "reply": 1}}, {"model": "comment.comment", "pk": 115, "fields": {"content_type": 7, "object_id": 34, "user": 1, "create_time": "2018-09-11T14:04:18.248Z", "text": "<p>2333</p>", "root": null, "parent": null, "reply": null}}, {"model": "comment.comment", "pk": 116, "fields": {"content_type": 7, "object_id": 34, "user": 1, "create_time": "2018-09-11T14:21:33.178Z", "text": "<p>5656</p>", "root": 115, "parent": 115, "reply": 1}}, {"model": "admin.logentry", "pk": 1, "fields": {"action_time": "2018-08-20T10:27:46.291Z", "user": 1, "content_type": 8, "object_id": "1", "object_repr": "\u6280\u672f\u535a\u5ba2", "action_flag": 1, "change_message": "[{\"added\": {}}]"}}, {"model": "admin.logentry", "pk": 2, "fields": {"action_time": "2018-08-20T10:28:09.463Z", "user": 1, "content_type": 7, "object_id": "1", "object_repr": "<Blog: \u4e00\u4e0b\u5348>", "action_flag": 1, "change_message": "[{\"added\": {}}]"}}, {"model": "admin.logentry", "pk": 3, "fields": {"action_time": "2018-08-20T13:11:32.172Z", "user": 1, "content_type": 7, "object_id": "2", "object_repr": "<Blog: \u516b\u91cd\u6a31>", "action_flag": 1, "change_message": "[{\"added\": {}}]"}}, {"model": "admin.logentry", "pk": 4, "fields": {"action_time": "2018-08-21T07:00:48.733Z", "user": 1, "content_type": 7, "object_id": "2", "object_repr": "<Blog: \u516b\u91cd\u6a31>", "action_flag": 3, "change_message": ""}}, {"model": "admin.logentry", "pk": 5, "fields": {"action_time": "2018-08-21T07:00:48.862Z", "user": 1, "content_type": 7, "object_id": "1", "object_repr": "<Blog: \u4e00\u4e0b\u5348>", "action_flag": 3, "change_message": ""}}, {"model": "admin.logentry", "pk": 6, "fields": {"action_time": "2018-08-21T07:03:22.631Z", "user": 1, "content_type": 7, "object_id": "3", "object_repr": "<Blog: fefwe>", "action_flag": 1, "change_message": "[{\"added\": {}}]"}}, {"model": "admin.logentry", "pk": 7, "fields": {"action_time": "2018-08-22T13:00:37.520Z", "user": 1, "content_type": 7, "object_id": "4", "object_repr": "<Blog: \u5624\u5624\u5624>", "action_flag": 1, "change_message": "[{\"added\": {}}]"}}, {"model": "admin.logentry", "pk": 8, "fields": {"action_time": "2018-08-23T12:19:42.085Z", "user": 1, "content_type": 8, "object_id": "2", "object_repr": "\u5624\u5624\u5624", "action_flag": 1, "change_message": "[{\"added\": {}}]"}}, {"model": "admin.logentry", "pk": 9, "fields": {"action_time": "2018-08-23T12:20:05.657Z", "user": 1, "content_type": 7, "object_id": "35", "object_repr": "<Blog: \u516b\u91cd\u6a31>", "action_flag": 1, "change_message": "[{\"added\": {}}]"}}, {"model": "admin.logentry", "pk": 10, "fields": {"action_time": "2018-08-28T14:26:48.993Z", "user": 1, "content_type": 7, "object_id": "36", "object_repr": "<Blog: \u58c1\u7eb8>", "action_flag": 1, "change_message": "[{\"added\": {}}]"}}, {"model": "admin.logentry", "pk": 11, "fields": {"action_time": "2018-08-28T14:27:39.389Z", "user": 1, "content_type": 7, "object_id": "36", "object_repr": "<Blog: \u58c1\u7eb8>", "action_flag": 2, "change_message": "[{\"changed\": {\"fields\": [\"content\"]}}]"}}, {"model": "admin.logentry", "pk": 12, "fields": {"action_time": "2018-08-28T14:28:16.732Z", "user": 1, "content_type": 7, "object_id": "36", "object_repr": "<Blog: \u58c1\u7eb8>", "action_flag": 2, "change_message": "[{\"changed\": {\"fields\": [\"content\"]}}]"}}, {"model": "admin.logentry", "pk": 13, "fields": {"action_time": "2018-08-30T01:46:25.262Z", "user": 1, "content_type": 9, "object_id": "1", "object_repr": "ReadNum object (1)", "action_flag": 1, "change_message": "[{\"added\": {}}]"}}, {"model": "admin.logentry", "pk": 14, "fields": {"action_time": "2018-08-30T09:15:28.257Z", "user": 1, "content_type": 10, "object_id": "2", "object_repr": "ReadNumDetail object (2)", "action_flag": 2, "change_message": "[{\"changed\": {\"fields\": [\"date\"]}}]"}}, {"model": "admin.logentry", "pk": 15, "fields": {"action_time": "2018-08-30T12:23:28.543Z", "user": 1, "content_type": 10, "object_id": "5", "object_repr": "ReadNumDetail object (5)", "action_flag": 2, "change_message": "[{\"changed\": {\"fields\": [\"date\"]}}]"}}, {"model": "admin.logentry", "pk": 16, "fields": {"action_time": "2018-08-30T12:23:37.701Z", "user": 1, "content_type": 10, "object_id": "6", "object_repr": "ReadNumDetail object (6)", "action_flag": 2, "change_message": "[{\"changed\": {\"fields\": [\"date\"]}}]"}}, {"model": "admin.logentry", "pk": 17, "fields": {"action_time": "2018-08-31T04:39:36.134Z", "user": 1, "content_type": 10, "object_id": "10", "object_repr": "ReadNumDetail object (10)", "action_flag": 2, "change_message": "[{\"changed\": {\"fields\": [\"read_num\", \"date\"]}}]"}}, {"model": "admin.logentry", "pk": 18, "fields": {"action_time": "2018-09-05T10:02:57.059Z", "user": 1, "content_type": 4, "object_id": "3", "object_repr": "dwq\u5e26\u6211\u53bb\u591a\u65e0\u7fa4\u591a\u65e0\u7fa4\u591a\u7fa4\u65e0", "action_flag": 3, "change_message": ""}}, {"model": "admin.logentry", "pk": 19, "fields": {"action_time": "2018-09-05T10:02:57.381Z", "user": 1, "content_type": 4, "object_id": "2", "object_repr": "gua1", "action_flag": 3, "change_message": ""}}, {"model": "admin.logentry", "pk": 20, "fields": {"action_time": "2018-09-09T04:25:20.838Z", "user": 1, "content_type": 11, "object_id": "72", "object_repr": "Comment object (72)", "action_flag": 3, "change_message": ""}}, {"model": "admin.logentry", "pk": 21, "fields": {"action_time": "2018-09-09T04:25:21.097Z", "user": 1, "content_type": 11, "object_id": "71", "object_repr": "Comment object (71)", "action_flag": 3, "change_message": ""}}, {"model": "admin.logentry", "pk": 22, "fields": {"action_time": "2018-09-09T04:25:21.238Z", "user": 1, "content_type": 11, "object_id": "70", "object_repr": "Comment object (70)", "action_flag": 3, "change_message": ""}}, {"model": "admin.logentry", "pk": 23, "fields": {"action_time": "2018-09-09T04:25:21.348Z", "user": 1, "content_type": 11, "object_id": "69", "object_repr": "Comment object (69)", "action_flag": 3, "change_message": ""}}, {"model": "admin.logentry", "pk": 24, "fields": {"action_time": "2018-09-09T04:25:21.481Z", "user": 1, "content_type": 11, "object_id": "68", "object_repr": "Comment object (68)", "action_flag": 3, "change_message": ""}}, {"model": "admin.logentry", "pk": 25, "fields": {"action_time": "2018-09-09T04:25:21.615Z", "user": 1, "content_type": 11, "object_id": "67", "object_repr": "Comment object (67)", "action_flag": 3, "change_message": ""}}, {"model": "admin.logentry", "pk": 26, "fields": {"action_time": "2018-09-09T04:25:21.725Z", "user": 1, "content_type": 11, "object_id": "66", "object_repr": "Comment object (66)", "action_flag": 3, "change_message": ""}}, {"model": "admin.logentry", "pk": 27, "fields": {"action_time": "2018-09-09T04:25:21.836Z", "user": 1, "content_type": 11, "object_id": "65", "object_repr": "Comment object (65)", "action_flag": 3, "change_message": ""}}, {"model": "admin.logentry", "pk": 28, "fields": {"action_time": "2018-09-09T04:25:21.947Z", "user": 1, "content_type": 11, "object_id": "64", "object_repr": "Comment object (64)", "action_flag": 3, "change_message": ""}}, {"model": "admin.logentry", "pk": 29, "fields": {"action_time": "2018-09-09T04:25:22.067Z", "user": 1, "content_type": 11, "object_id": "63", "object_repr": "Comment object (63)", "action_flag": 3, "change_message": ""}}, {"model": "admin.logentry", "pk": 30, "fields": {"action_time": "2018-09-09T04:25:22.177Z", "user": 1, "content_type": 11, "object_id": "62", "object_repr": "Comment object (62)", "action_flag": 3, "change_message": ""}}, {"model": "admin.logentry", "pk": 31, "fields": {"action_time": "2018-09-09T04:25:22.291Z", "user": 1, "content_type": 11, "object_id": "61", "object_repr": "Comment object (61)", "action_flag": 3, "change_message": ""}}, {"model": "admin.logentry", "pk": 32, "fields": {"action_time": "2018-09-09T04:25:22.440Z", "user": 1, "content_type": 11, "object_id": "60", "object_repr": "Comment object (60)", "action_flag": 3, "change_message": ""}}, {"model": "admin.logentry", "pk": 33, "fields": {"action_time": "2018-09-09T04:25:22.554Z", "user": 1, "content_type": 11, "object_id": "59", "object_repr": "Comment object (59)", "action_flag": 3, "change_message": ""}}, {"model": "admin.logentry", "pk": 34, "fields": {"action_time": "2018-09-09T04:25:22.656Z", "user": 1, "content_type": 11, "object_id": "58", "object_repr": "Comment object (58)", "action_flag": 3, "change_message": ""}}, {"model": "admin.logentry", "pk": 35, "fields": {"action_time": "2018-09-09T04:25:22.754Z", "user": 1, "content_type": 11, "object_id": "57", "object_repr": "Comment object (57)", "action_flag": 3, "change_message": ""}}, {"model": "admin.logentry", "pk": 36, "fields": {"action_time": "2018-09-09T04:25:22.877Z", "user": 1, "content_type": 11, "object_id": "56", "object_repr": "Comment object (56)", "action_flag": 3, "change_message": ""}}, {"model": "admin.logentry", "pk": 37, "fields": {"action_time": "2018-09-09T04:25:22.987Z", "user": 1, "content_type": 11, "object_id": "55", "object_repr": "Comment object (55)", "action_flag": 3, "change_message": ""}}, {"model": "admin.logentry", "pk": 38, "fields": {"action_time": "2018-09-09T04:25:23.120Z", "user": 1, "content_type": 11, "object_id": "54", "object_repr": "Comment object (54)", "action_flag": 3, "change_message": ""}}, {"model": "admin.logentry", "pk": 39, "fields": {"action_time": "2018-09-09T04:25:23.243Z", "user": 1, "content_type": 11, "object_id": "53", "object_repr": "Comment object (53)", "action_flag": 3, "change_message": ""}}, {"model": "admin.logentry", "pk": 40, "fields": {"action_time": "2018-09-09T04:25:23.385Z", "user": 1, "content_type": 11, "object_id": "52", "object_repr": "Comment object (52)", "action_flag": 3, "change_message": ""}}, {"model": "admin.logentry", "pk": 41, "fields": {"action_time": "2018-09-09T04:25:23.496Z", "user": 1, "content_type": 11, "object_id": "51", "object_repr": "Comment object (51)", "action_flag": 3, "change_message": ""}}, {"model": "admin.logentry", "pk": 42, "fields": {"action_time": "2018-09-09T04:25:23.605Z", "user": 1, "content_type": 11, "object_id": "50", "object_repr": "Comment object (50)", "action_flag": 3, "change_message": ""}}, {"model": "admin.logentry", "pk": 43, "fields": {"action_time": "2018-09-09T04:25:23.697Z", "user": 1, "content_type": 11, "object_id": "49", "object_repr": "Comment object (49)", "action_flag": 3, "change_message": ""}}, {"model": "admin.logentry", "pk": 44, "fields": {"action_time": "2018-09-09T04:25:23.828Z", "user": 1, "content_type": 11, "object_id": "48", "object_repr": "Comment object (48)", "action_flag": 3, "change_message": ""}}, {"model": "admin.logentry", "pk": 45, "fields": {"action_time": "2018-09-09T04:25:23.986Z", "user": 1, "content_type": 11, "object_id": "47", "object_repr": "Comment object (47)", "action_flag": 3, "change_message": ""}}, {"model": "admin.logentry", "pk": 46, "fields": {"action_time": "2018-09-09T04:25:24.105Z", "user": 1, "content_type": 11, "object_id": "46", "object_repr": "Comment object (46)", "action_flag": 3, "change_message": ""}}, {"model": "admin.logentry", "pk": 47, "fields": {"action_time": "2018-09-09T04:25:24.229Z", "user": 1, "content_type": 11, "object_id": "45", "object_repr": "Comment object (45)", "action_flag": 3, "change_message": ""}}, {"model": "admin.logentry", "pk": 48, "fields": {"action_time": "2018-09-09T04:25:24.386Z", "user": 1, "content_type": 11, "object_id": "44", "object_repr": "Comment object (44)", "action_flag": 3, "change_message": ""}}, {"model": "admin.logentry", "pk": 49, "fields": {"action_time": "2018-09-09T04:25:24.492Z", "user": 1, "content_type": 11, "object_id": "43", "object_repr": "Comment object (43)", "action_flag": 3, "change_message": ""}}, {"model": "admin.logentry", "pk": 50, "fields": {"action_time": "2018-09-09T04:25:24.604Z", "user": 1, "content_type": 11, "object_id": "42", "object_repr": "Comment object (42)", "action_flag": 3, "change_message": ""}}, {"model": "admin.logentry", "pk": 51, "fields": {"action_time": "2018-09-09T04:25:24.755Z", "user": 1, "content_type": 11, "object_id": "41", "object_repr": "Comment object (41)", "action_flag": 3, "change_message": ""}}, {"model": "admin.logentry", "pk": 52, "fields": {"action_time": "2018-09-09T04:25:24.857Z", "user": 1, "content_type": 11, "object_id": "40", "object_repr": "Comment object (40)", "action_flag": 3, "change_message": ""}}, {"model": "admin.logentry", "pk": 53, "fields": {"action_time": "2018-09-09T04:25:24.958Z", "user": 1, "content_type": 11, "object_id": "39", "object_repr": "Comment object (39)", "action_flag": 3, "change_message": ""}}, {"model": "admin.logentry", "pk": 54, "fields": {"action_time": "2018-09-09T04:25:25.085Z", "user": 1, "content_type": 11, "object_id": "38", "object_repr": "Comment object (38)", "action_flag": 3, "change_message": ""}}, {"model": "admin.logentry", "pk": 55, "fields": {"action_time": "2018-09-09T04:25:25.233Z", "user": 1, "content_type": 11, "object_id": "37", "object_repr": "Comment object (37)", "action_flag": 3, "change_message": ""}}, {"model": "admin.logentry", "pk": 56, "fields": {"action_time": "2018-09-09T04:25:25.431Z", "user": 1, "content_type": 11, "object_id": "36", "object_repr": "Comment object (36)", "action_flag": 3, "change_message": ""}}, {"model": "admin.logentry", "pk": 57, "fields": {"action_time": "2018-09-09T04:25:25.763Z", "user": 1, "content_type": 11, "object_id": "35", "object_repr": "Comment object (35)", "action_flag": 3, "change_message": ""}}, {"model": "admin.logentry", "pk": 58, "fields": {"action_time": "2018-09-09T04:25:25.987Z", "user": 1, "content_type": 11, "object_id": "34", "object_repr": "Comment object (34)", "action_flag": 3, "change_message": ""}}, {"model": "admin.logentry", "pk": 59, "fields": {"action_time": "2018-09-09T04:25:26.214Z", "user": 1, "content_type": 11, "object_id": "33", "object_repr": "Comment object (33)", "action_flag": 3, "change_message": ""}}, {"model": "admin.logentry", "pk": 60, "fields": {"action_time": "2018-09-09T04:25:26.461Z", "user": 1, "content_type": 11, "object_id": "32", "object_repr": "Comment object (32)", "action_flag": 3, "change_message": ""}}, {"model": "admin.logentry", "pk": 61, "fields": {"action_time": "2018-09-09T04:25:26.681Z", "user": 1, "content_type": 11, "object_id": "31", "object_repr": "Comment object (31)", "action_flag": 3, "change_message": ""}}, {"model": "admin.logentry", "pk": 62, "fields": {"action_time": "2018-09-09T04:25:26.927Z", "user": 1, "content_type": 11, "object_id": "30", "object_repr": "Comment object (30)", "action_flag": 3, "change_message": ""}}, {"model": "admin.logentry", "pk": 63, "fields": {"action_time": "2018-09-09T04:25:27.292Z", "user": 1, "content_type": 11, "object_id": "29", "object_repr": "Comment object (29)", "action_flag": 3, "change_message": ""}}, {"model": "admin.logentry", "pk": 64, "fields": {"action_time": "2018-09-09T04:25:27.566Z", "user": 1, "content_type": 11, "object_id": "28", "object_repr": "Comment object (28)", "action_flag": 3, "change_message": ""}}, {"model": "admin.logentry", "pk": 65, "fields": {"action_time": "2018-09-09T04:25:27.886Z", "user": 1, "content_type": 11, "object_id": "27", "object_repr": "Comment object (27)", "action_flag": 3, "change_message": ""}}, {"model": "admin.logentry", "pk": 66, "fields": {"action_time": "2018-09-09T04:25:28.090Z", "user": 1, "content_type": 11, "object_id": "26", "object_repr": "Comment object (26)", "action_flag": 3, "change_message": ""}}, {"model": "admin.logentry", "pk": 67, "fields": {"action_time": "2018-09-09T04:25:28.343Z", "user": 1, "content_type": 11, "object_id": "25", "object_repr": "Comment object (25)", "action_flag": 3, "change_message": ""}}, {"model": "admin.logentry", "pk": 68, "fields": {"action_time": "2018-09-09T04:25:28.552Z", "user": 1, "content_type": 11, "object_id": "24", "object_repr": "Comment object (24)", "action_flag": 3, "change_message": ""}}, {"model": "admin.logentry", "pk": 69, "fields": {"action_time": "2018-09-09T04:25:28.781Z", "user": 1, "content_type": 11, "object_id": "23", "object_repr": "Comment object (23)", "action_flag": 3, "change_message": ""}}, {"model": "admin.logentry", "pk": 70, "fields": {"action_time": "2018-09-09T04:25:29.027Z", "user": 1, "content_type": 11, "object_id": "22", "object_repr": "Comment object (22)", "action_flag": 3, "change_message": ""}}, {"model": "admin.logentry", "pk": 71, "fields": {"action_time": "2018-09-09T04:25:29.279Z", "user": 1, "content_type": 11, "object_id": "21", "object_repr": "Comment object (21)", "action_flag": 3, "change_message": ""}}, {"model": "admin.logentry", "pk": 72, "fields": {"action_time": "2018-09-09T04:25:29.452Z", "user": 1, "content_type": 11, "object_id": "20", "object_repr": "Comment object (20)", "action_flag": 3, "change_message": ""}}, {"model": "admin.logentry", "pk": 73, "fields": {"action_time": "2018-09-09T04:25:29.563Z", "user": 1, "content_type": 11, "object_id": "19", "object_repr": "Comment object (19)", "action_flag": 3, "change_message": ""}}, {"model": "admin.logentry", "pk": 74, "fields": {"action_time": "2018-09-09T04:25:29.682Z", "user": 1, "content_type": 11, "object_id": "18", "object_repr": "Comment object (18)", "action_flag": 3, "change_message": ""}}, {"model": "admin.logentry", "pk": 75, "fields": {"action_time": "2018-09-09T04:25:29.806Z", "user": 1, "content_type": 11, "object_id": "17", "object_repr": "Comment object (17)", "action_flag": 3, "change_message": ""}}, {"model": "admin.logentry", "pk": 76, "fields": {"action_time": "2018-09-09T04:25:29.916Z", "user": 1, "content_type": 11, "object_id": "16", "object_repr": "Comment object (16)", "action_flag": 3, "change_message": ""}}, {"model": "admin.logentry", "pk": 77, "fields": {"action_time": "2018-09-09T04:25:30.038Z", "user": 1, "content_type": 11, "object_id": "15", "object_repr": "Comment object (15)", "action_flag": 3, "change_message": ""}}, {"model": "admin.logentry", "pk": 78, "fields": {"action_time": "2018-09-09T04:25:30.148Z", "user": 1, "content_type": 11, "object_id": "14", "object_repr": "Comment object (14)", "action_flag": 3, "change_message": ""}}, {"model": "admin.logentry", "pk": 79, "fields": {"action_time": "2018-09-09T04:25:30.270Z", "user": 1, "content_type": 11, "object_id": "13", "object_repr": "Comment object (13)", "action_flag": 3, "change_message": ""}}, {"model": "admin.logentry", "pk": 80, "fields": {"action_time": "2018-09-09T04:25:30.394Z", "user": 1, "content_type": 11, "object_id": "12", "object_repr": "Comment object (12)", "action_flag": 3, "change_message": ""}}, {"model": "admin.logentry", "pk": 81, "fields": {"action_time": "2018-09-09T04:25:30.505Z", "user": 1, "content_type": 11, "object_id": "11", "object_repr": "Comment object (11)", "action_flag": 3, "change_message": ""}}, {"model": "admin.logentry", "pk": 82, "fields": {"action_time": "2018-09-09T04:25:30.646Z", "user": 1, "content_type": 11, "object_id": "10", "object_repr": "Comment object (10)", "action_flag": 3, "change_message": ""}}, {"model": "admin.logentry", "pk": 83, "fields": {"action_time": "2018-09-09T04:25:30.768Z", "user": 1, "content_type": 11, "object_id": "9", "object_repr": "Comment object (9)", "action_flag": 3, "change_message": ""}}, {"model": "admin.logentry", "pk": 84, "fields": {"action_time": "2018-09-09T04:25:30.891Z", "user": 1, "content_type": 11, "object_id": "8", "object_repr": "Comment object (8)", "action_flag": 3, "change_message": ""}}, {"model": "admin.logentry", "pk": 85, "fields": {"action_time": "2018-09-09T04:25:31.001Z", "user": 1, "content_type": 11, "object_id": "7", "object_repr": "Comment object (7)", "action_flag": 3, "change_message": ""}}, {"model": "admin.logentry", "pk": 86, "fields": {"action_time": "2018-09-09T04:25:31.113Z", "user": 1, "content_type": 11, "object_id": "6", "object_repr": "Comment object (6)", "action_flag": 3, "change_message": ""}}, {"model": "admin.logentry", "pk": 87, "fields": {"action_time": "2018-09-09T04:25:31.282Z", "user": 1, "content_type": 11, "object_id": "5", "object_repr": "Comment object (5)", "action_flag": 3, "change_message": ""}}, {"model": "admin.logentry", "pk": 88, "fields": {"action_time": "2018-09-09T04:25:31.400Z", "user": 1, "content_type": 11, "object_id": "4", "object_repr": "Comment object (4)", "action_flag": 3, "change_message": ""}}, {"model": "admin.logentry", "pk": 89, "fields": {"action_time": "2018-09-09T04:25:31.511Z", "user": 1, "content_type": 11, "object_id": "3", "object_repr": "Comment object (3)", "action_flag": 3, "change_message": ""}}, {"model": "admin.logentry", "pk": 90, "fields": {"action_time": "2018-09-09T04:25:31.632Z", "user": 1, "content_type": 11, "object_id": "2", "object_repr": "Comment object (2)", "action_flag": 3, "change_message": ""}}, {"model": "admin.logentry", "pk": 91, "fields": {"action_time": "2018-09-09T04:25:31.754Z", "user": 1, "content_type": 11, "object_id": "1", "object_repr": "Comment object (1)", "action_flag": 3, "change_message": ""}}, {"model": "admin.logentry", "pk": 92, "fields": {"action_time": "2018-09-09T04:55:13.554Z", "user": 1, "content_type": 11, "object_id": "73", "object_repr": "<p>\u8ba9\u6211\u4eec\u6765\u6d4b\u8bd5\u4e00\u4e0b</p>", "action_flag": 2, "change_message": "[{\"changed\": {\"fields\": [\"root\", \"parent\", \"reply\"]}}]"}}, {"model": "admin.logentry", "pk": 93, "fields": {"action_time": "2018-09-12T08:54:59.901Z", "user": 1, "content_type": 4, "object_id": "4", "object_repr": "gua", "action_flag": 3, "change_message": ""}}, {"model": "admin.logentry", "pk": 94, "fields": {"action_time": "2018-09-12T08:55:00.036Z", "user": 1, "content_type": 4, "object_id": "5", "object_repr": "gua1", "action_flag": 3, "change_message": ""}}, {"model": "admin.logentry", "pk": 95, "fields": {"action_time": "2018-09-12T09:27:45.521Z", "user": 1, "content_type": 4, "object_id": "1", "object_repr": "wang", "action_flag": 2, "change_message": "[{\"changed\": {\"fields\": [\"email\", \"last_login\"]}}]"}}, {"model": "admin.logentry", "pk": 96, "fields": {"action_time": "2018-09-12T09:28:15.498Z", "user": 1, "content_type": 4, "object_id": "1", "object_repr": "wang", "action_flag": 2, "change_message": "[{\"changed\": {\"fields\": [\"email\"]}}]"}}, {"model": "admin.logentry", "pk": 97, "fields": {"action_time": "2018-09-13T13:42:17.036Z", "user": 7, "content_type": 4, "object_id": "1", "object_repr": "wang", "action_flag": 2, "change_message": "[{\"changed\": {\"fields\": [\"password\"]}}]"}}, {"model": "admin.logentry", "pk": 98, "fields": {"action_time": "2018-09-17T05:12:40.323Z", "user": 1, "content_type": 4, "object_id": "1", "object_repr": "wang", "action_flag": 2, "change_message": "[{\"changed\": {\"fields\": [\"email\", \"last_login\"]}}]"}}]